{
  "Eastway": {
    "Monday": 1234,
    "Tuesday": 345,
    "Wednesday": 223,
    "Thursday": 332,
    "Friday": 443,
    "Lat": 41.146843,
    "Long": -81.337385,
  },
}